Ad Group,Keyword,Campaign,Criterion Type
sofas,sofas buy,SEM_Sofas,Exact
sofas,buy sofas,SEM_Sofas,Exact
sofas,sofas price,SEM_Sofas,Exact
sofas,price sofas,SEM_Sofas,Exact
sofas,sofas discount,SEM_Sofas,Exact
sofas,discount sofas,SEM_Sofas,Exact
sofas,sofas promotion,SEM_Sofas,Exact
sofas,promotion sofas,SEM_Sofas,Exact
sofas,sofas promo,SEM_Sofas,Exact
sofas,promo sofas,SEM_Sofas,Exact
sofas,sofas shop,SEM_Sofas,Exact
sofas,shop sofas,SEM_Sofas,Exact
sofas,sofas store,SEM_Sofas,Exact
sofas,store sofas,SEM_Sofas,Exact
sofas,sofas sale,SEM_Sofas,Exact
sofas,sale sofas,SEM_Sofas,Exact
sofas,sofas ikea,SEM_Sofas,Exact
sofas,ikea sofas,SEM_Sofas,Exact
sofas,sofas amazon,SEM_Sofas,Exact
sofas,amazon sofas,SEM_Sofas,Exact
sofas,sofas walmart,SEM_Sofas,Exact
sofas,walmart sofas,SEM_Sofas,Exact
convertible sofas,convertible sofas buy,SEM_Sofas,Exact
convertible sofas,buy convertible sofas,SEM_Sofas,Exact
convertible sofas,convertible sofas price,SEM_Sofas,Exact
convertible sofas,price convertible sofas,SEM_Sofas,Exact
convertible sofas,convertible sofas discount,SEM_Sofas,Exact
convertible sofas,discount convertible sofas,SEM_Sofas,Exact
convertible sofas,convertible sofas promotion,SEM_Sofas,Exact
convertible sofas,promotion convertible sofas,SEM_Sofas,Exact
convertible sofas,convertible sofas promo,SEM_Sofas,Exact
convertible sofas,promo convertible sofas,SEM_Sofas,Exact
convertible sofas,convertible sofas shop,SEM_Sofas,Exact
convertible sofas,shop convertible sofas,SEM_Sofas,Exact
convertible sofas,convertible sofas store,SEM_Sofas,Exact
convertible sofas,store convertible sofas,SEM_Sofas,Exact
convertible sofas,convertible sofas sale,SEM_Sofas,Exact
convertible sofas,sale convertible sofas,SEM_Sofas,Exact
convertible sofas,convertible sofas ikea,SEM_Sofas,Exact
convertible sofas,ikea convertible sofas,SEM_Sofas,Exact
convertible sofas,convertible sofas amazon,SEM_Sofas,Exact
convertible sofas,amazon convertible sofas,SEM_Sofas,Exact
convertible sofas,convertible sofas walmart,SEM_Sofas,Exact
convertible sofas,walmart convertible sofas,SEM_Sofas,Exact
love seats,love seats buy,SEM_Sofas,Exact
love seats,buy love seats,SEM_Sofas,Exact
love seats,love seats price,SEM_Sofas,Exact
love seats,price love seats,SEM_Sofas,Exact
love seats,love seats discount,SEM_Sofas,Exact
love seats,discount love seats,SEM_Sofas,Exact
love seats,love seats promotion,SEM_Sofas,Exact
love seats,promotion love seats,SEM_Sofas,Exact
love seats,love seats promo,SEM_Sofas,Exact
love seats,promo love seats,SEM_Sofas,Exact
love seats,love seats shop,SEM_Sofas,Exact
love seats,shop love seats,SEM_Sofas,Exact
love seats,love seats store,SEM_Sofas,Exact
love seats,store love seats,SEM_Sofas,Exact
love seats,love seats sale,SEM_Sofas,Exact
love seats,sale love seats,SEM_Sofas,Exact
love seats,love seats ikea,SEM_Sofas,Exact
love seats,ikea love seats,SEM_Sofas,Exact
love seats,love seats amazon,SEM_Sofas,Exact
love seats,amazon love seats,SEM_Sofas,Exact
love seats,love seats walmart,SEM_Sofas,Exact
love seats,walmart love seats,SEM_Sofas,Exact
recliners,recliners buy,SEM_Sofas,Exact
recliners,buy recliners,SEM_Sofas,Exact
recliners,recliners price,SEM_Sofas,Exact
recliners,price recliners,SEM_Sofas,Exact
recliners,recliners discount,SEM_Sofas,Exact
recliners,discount recliners,SEM_Sofas,Exact
recliners,recliners promotion,SEM_Sofas,Exact
recliners,promotion recliners,SEM_Sofas,Exact
recliners,recliners promo,SEM_Sofas,Exact
recliners,promo recliners,SEM_Sofas,Exact
recliners,recliners shop,SEM_Sofas,Exact
recliners,shop recliners,SEM_Sofas,Exact
recliners,recliners store,SEM_Sofas,Exact
recliners,store recliners,SEM_Sofas,Exact
recliners,recliners sale,SEM_Sofas,Exact
recliners,sale recliners,SEM_Sofas,Exact
recliners,recliners ikea,SEM_Sofas,Exact
recliners,ikea recliners,SEM_Sofas,Exact
recliners,recliners amazon,SEM_Sofas,Exact
recliners,amazon recliners,SEM_Sofas,Exact
recliners,recliners walmart,SEM_Sofas,Exact
recliners,walmart recliners,SEM_Sofas,Exact
sofa beds,sofa beds buy,SEM_Sofas,Exact
sofa beds,buy sofa beds,SEM_Sofas,Exact
sofa beds,sofa beds price,SEM_Sofas,Exact
sofa beds,price sofa beds,SEM_Sofas,Exact
sofa beds,sofa beds discount,SEM_Sofas,Exact
sofa beds,discount sofa beds,SEM_Sofas,Exact
sofa beds,sofa beds promotion,SEM_Sofas,Exact
sofa beds,promotion sofa beds,SEM_Sofas,Exact
sofa beds,sofa beds promo,SEM_Sofas,Exact
sofa beds,promo sofa beds,SEM_Sofas,Exact
sofa beds,sofa beds shop,SEM_Sofas,Exact
sofa beds,shop sofa beds,SEM_Sofas,Exact
sofa beds,sofa beds store,SEM_Sofas,Exact
sofa beds,store sofa beds,SEM_Sofas,Exact
sofa beds,sofa beds sale,SEM_Sofas,Exact
sofa beds,sale sofa beds,SEM_Sofas,Exact
sofa beds,sofa beds ikea,SEM_Sofas,Exact
sofa beds,ikea sofa beds,SEM_Sofas,Exact
sofa beds,sofa beds amazon,SEM_Sofas,Exact
sofa beds,amazon sofa beds,SEM_Sofas,Exact
sofa beds,sofa beds walmart,SEM_Sofas,Exact
sofa beds,walmart sofa beds,SEM_Sofas,Exact
sofas,sofas buy,SEM_Sofas,Phrase
sofas,buy sofas,SEM_Sofas,Phrase
sofas,sofas price,SEM_Sofas,Phrase
sofas,price sofas,SEM_Sofas,Phrase
sofas,sofas discount,SEM_Sofas,Phrase
sofas,discount sofas,SEM_Sofas,Phrase
sofas,sofas promotion,SEM_Sofas,Phrase
sofas,promotion sofas,SEM_Sofas,Phrase
sofas,sofas promo,SEM_Sofas,Phrase
sofas,promo sofas,SEM_Sofas,Phrase
sofas,sofas shop,SEM_Sofas,Phrase
sofas,shop sofas,SEM_Sofas,Phrase
sofas,sofas store,SEM_Sofas,Phrase
sofas,store sofas,SEM_Sofas,Phrase
sofas,sofas sale,SEM_Sofas,Phrase
sofas,sale sofas,SEM_Sofas,Phrase
sofas,sofas ikea,SEM_Sofas,Phrase
sofas,ikea sofas,SEM_Sofas,Phrase
sofas,sofas amazon,SEM_Sofas,Phrase
sofas,amazon sofas,SEM_Sofas,Phrase
sofas,sofas walmart,SEM_Sofas,Phrase
sofas,walmart sofas,SEM_Sofas,Phrase
convertible sofas,convertible sofas buy,SEM_Sofas,Phrase
convertible sofas,buy convertible sofas,SEM_Sofas,Phrase
convertible sofas,convertible sofas price,SEM_Sofas,Phrase
convertible sofas,price convertible sofas,SEM_Sofas,Phrase
convertible sofas,convertible sofas discount,SEM_Sofas,Phrase
convertible sofas,discount convertible sofas,SEM_Sofas,Phrase
convertible sofas,convertible sofas promotion,SEM_Sofas,Phrase
convertible sofas,promotion convertible sofas,SEM_Sofas,Phrase
convertible sofas,convertible sofas promo,SEM_Sofas,Phrase
convertible sofas,promo convertible sofas,SEM_Sofas,Phrase
convertible sofas,convertible sofas shop,SEM_Sofas,Phrase
convertible sofas,shop convertible sofas,SEM_Sofas,Phrase
convertible sofas,convertible sofas store,SEM_Sofas,Phrase
convertible sofas,store convertible sofas,SEM_Sofas,Phrase
convertible sofas,convertible sofas sale,SEM_Sofas,Phrase
convertible sofas,sale convertible sofas,SEM_Sofas,Phrase
convertible sofas,convertible sofas ikea,SEM_Sofas,Phrase
convertible sofas,ikea convertible sofas,SEM_Sofas,Phrase
convertible sofas,convertible sofas amazon,SEM_Sofas,Phrase
convertible sofas,amazon convertible sofas,SEM_Sofas,Phrase
convertible sofas,convertible sofas walmart,SEM_Sofas,Phrase
convertible sofas,walmart convertible sofas,SEM_Sofas,Phrase
love seats,love seats buy,SEM_Sofas,Phrase
love seats,buy love seats,SEM_Sofas,Phrase
love seats,love seats price,SEM_Sofas,Phrase
love seats,price love seats,SEM_Sofas,Phrase
love seats,love seats discount,SEM_Sofas,Phrase
love seats,discount love seats,SEM_Sofas,Phrase
love seats,love seats promotion,SEM_Sofas,Phrase
love seats,promotion love seats,SEM_Sofas,Phrase
love seats,love seats promo,SEM_Sofas,Phrase
love seats,promo love seats,SEM_Sofas,Phrase
love seats,love seats shop,SEM_Sofas,Phrase
love seats,shop love seats,SEM_Sofas,Phrase
love seats,love seats store,SEM_Sofas,Phrase
love seats,store love seats,SEM_Sofas,Phrase
love seats,love seats sale,SEM_Sofas,Phrase
love seats,sale love seats,SEM_Sofas,Phrase
love seats,love seats ikea,SEM_Sofas,Phrase
love seats,ikea love seats,SEM_Sofas,Phrase
love seats,love seats amazon,SEM_Sofas,Phrase
love seats,amazon love seats,SEM_Sofas,Phrase
love seats,love seats walmart,SEM_Sofas,Phrase
love seats,walmart love seats,SEM_Sofas,Phrase
recliners,recliners buy,SEM_Sofas,Phrase
recliners,buy recliners,SEM_Sofas,Phrase
recliners,recliners price,SEM_Sofas,Phrase
recliners,price recliners,SEM_Sofas,Phrase
recliners,recliners discount,SEM_Sofas,Phrase
recliners,discount recliners,SEM_Sofas,Phrase
recliners,recliners promotion,SEM_Sofas,Phrase
recliners,promotion recliners,SEM_Sofas,Phrase
recliners,recliners promo,SEM_Sofas,Phrase
recliners,promo recliners,SEM_Sofas,Phrase
recliners,recliners shop,SEM_Sofas,Phrase
recliners,shop recliners,SEM_Sofas,Phrase
recliners,recliners store,SEM_Sofas,Phrase
recliners,store recliners,SEM_Sofas,Phrase
recliners,recliners sale,SEM_Sofas,Phrase
recliners,sale recliners,SEM_Sofas,Phrase
recliners,recliners ikea,SEM_Sofas,Phrase
recliners,ikea recliners,SEM_Sofas,Phrase
recliners,recliners amazon,SEM_Sofas,Phrase
recliners,amazon recliners,SEM_Sofas,Phrase
recliners,recliners walmart,SEM_Sofas,Phrase
recliners,walmart recliners,SEM_Sofas,Phrase
sofa beds,sofa beds buy,SEM_Sofas,Phrase
sofa beds,buy sofa beds,SEM_Sofas,Phrase
sofa beds,sofa beds price,SEM_Sofas,Phrase
sofa beds,price sofa beds,SEM_Sofas,Phrase
sofa beds,sofa beds discount,SEM_Sofas,Phrase
sofa beds,discount sofa beds,SEM_Sofas,Phrase
sofa beds,sofa beds promotion,SEM_Sofas,Phrase
sofa beds,promotion sofa beds,SEM_Sofas,Phrase
sofa beds,sofa beds promo,SEM_Sofas,Phrase
sofa beds,promo sofa beds,SEM_Sofas,Phrase
sofa beds,sofa beds shop,SEM_Sofas,Phrase
sofa beds,shop sofa beds,SEM_Sofas,Phrase
sofa beds,sofa beds store,SEM_Sofas,Phrase
sofa beds,store sofa beds,SEM_Sofas,Phrase
sofa beds,sofa beds sale,SEM_Sofas,Phrase
sofa beds,sale sofa beds,SEM_Sofas,Phrase
sofa beds,sofa beds ikea,SEM_Sofas,Phrase
sofa beds,ikea sofa beds,SEM_Sofas,Phrase
sofa beds,sofa beds amazon,SEM_Sofas,Phrase
sofa beds,amazon sofa beds,SEM_Sofas,Phrase
sofa beds,sofa beds walmart,SEM_Sofas,Phrase
sofa beds,walmart sofa beds,SEM_Sofas,Phrase
